{"DefaultTint":{"r":0.6000000238418579,"g":0.6000000238418579,"b":0.699999988079071,"a":0.699999988079071},"FoldersData":{"Keys":["1ef563577f38547469ff909959a443bf"],"Values":[{"_guid":"1ef563577f38547469ff909959a443bf","_color":{"r":0.04303264617919922,"g":0.0,"b":1.0,"a":0.699999988079071},"_recursive":true}]}}