{"DefaultTint":{"r":1.0,"g":1.0,"b":1.0,"a":1.0},"FoldersData":{"Keys":["b13442f817ac2634f8f7143ea6bde156","4d4abdf24792e489a88cd84444769fe2","bdb445e0c51db4d979281f901668224d","e3f6ebe1d52124ac6811c4835e96c301"],"Values":[{"_guid":"b13442f817ac2634f8f7143ea6bde156","_color":{"r":0.0,"g":0.0601048469543457,"b":1.0,"a":0.699999988079071},"_recursive":true},{"_guid":"4d4abdf24792e489a88cd84444769fe2","_color":{"r":1.0,"g":0.0,"b":0.13482332229614259,"a":1.0},"_recursive":true},{"_guid":"bdb445e0c51db4d979281f901668224d","_color":{"r":0.0,"g":0.9090909957885742,"b":1.0,"a":0.699999988079071},"_recursive":true},{"_guid":"e3f6ebe1d52124ac6811c4835e96c301","_color":{"r":0.0,"g":1.0,"b":0.14067983627319337,"a":0.699999988079071},"_recursive":true}]}}