{"DefaultTint":{"r":0.6886792182922363,"g":0.6886792182922363,"b":0.6886792182922363,"a":0.0},"FoldersData":{"Keys":["e3f6ebe1d52124ac6811c4835e96c301","c6d3520720d163e44b24541dad4da8f6","b13442f817ac2634f8f7143ea6bde156","acaf9f44dddaf954f948371c65f5fdb0"],"Values":[{"_guid":"e3f6ebe1d52124ac6811c4835e96c301","_color":{"r":0.0,"g":1.0,"b":0.13080310821533204,"a":1.0},"_recursive":true},{"_guid":"c6d3520720d163e44b24541dad4da8f6","_color":{"r":1.0,"g":0.13899964094161988,"b":0.0,"a":0.699999988079071},"_recursive":true},{"_guid":"b13442f817ac2634f8f7143ea6bde156","_color":{"r":0.5849056243896484,"g":0.5849056243896484,"b":0.5849056243896484,"a":1.0},"_recursive":true},{"_guid":"acaf9f44dddaf954f948371c65f5fdb0","_color":{"r":0.13181066513061524,"g":0.0,"b":1.0,"a":0.8156862854957581},"_recursive":true}]}}